,Unnamed: 0,Application_Name,Total_Volume_Mn,Total_Value_Cr
0,0,Airtel Payments Bank Apps,14.7,11172.43
1,1,Allahabad Bank App,0.02,5.21
2,2,Amazon Pay,49.12,4272.47
3,3,AU Small Finance Bank App,0.04,20.23
4,4,Axis Bank Apps,80.52,747.46
5,5,Bajaj Finserv,0.01,0.96
6,6,Bank of Baroda Apps,0.56,238.5
7,7,Bank of India App,0.01,2.11
8,8,Bank of Maharashtra App,0.02,6.05
9,9,BHIM,22.26,6886.78
10,10,Canara Bank App,0.09,43.87
11,11,Central Bank of India App,0.11,41.58
12,12,Citi Bank App,0.08,68.17
13,13,Cointab,0.11,40.84
14,14,Cred,5.08,5419.88
15,15,DBS Digibank App,0.54,164.93
16,16,Dena Bank App,0.02,22.37
17,17,Deutsche Bank App,0.43,43.58
18,18,Federal Bank App,0.19,39.57
19,19,Fino Payments bank App,0.01,1.18
20,20,Google Pay,905.96,190106.71
21,21,HDFC Bank Apps,1.42,243.86
22,22,HSBC Bank App,0.07,40.03
23,23,ICICI Bank Apps,14.37,3827.95
24,24,IDBI Bank App,0.02,9.59
25,25,IDFC Bank App,0.15,65.23
26,26,India Post Payments Bank App,1.32,174.08
27,27,Indian Bank App,0.06,24.13
28,28,IndusInd Bank App,4.2,654.49
29,29,Jio Payments Bank App,0.57,35.43
30,30,Karnataka Bank App,0.12,21.13
31,31,Karur Vysya Bank App,0.03,13.08
32,32,Kotak Mahindra Bank Apps,2.13,381.37
33,33,MakeMy Trip,0.08,26.08
34,34,MI Pay,0.38,58.08
35,35,Mobikwik,2.09,254.32
36,36,Paytm Payments Bank App,372.7,41469.53
37,37,PhonePe,1189.89,234023.33
38,38,Punjab National Bank App,0.12,63.07
39,39,RBL Bank App,0.13,58.08
40,40,Samsung Pay,1.62,312.93
41,41,South Indian Bank App,0.07,23.53
42,42,Standard Chartered Bank App,0.06,33.32
43,43,State Bank of India Apps,4.14,2359.08
44,44,UCO Bank App,0.07,16.17
45,45,Ultracash,1.49,178.72
46,46,Union Bank Apps,0.34,135.79
47,47,WhatsApp,0.54,47.62
48,48,Yes Bank Apps,22.81,5120.17
49,49,YuvaPay,1.59,51.22
50,50,Other Apps,0.03,13.88
51,51,Total April 2021,2702.49,509080.17
52,1,Airtel Payments Bank Apps,5.3,460.9
53,2,Amazon Pay,73.21,6699.57
54,3,AU Small Finance Bank Apps,0.32,109.89
55,4,Axis Bank Apps,64.03,1257.15
56,5,Bajaj Finserv,0.52,38.61
57,6,Bank of Baroda Apps,0.77,344.65
58,7,Bank of India Apps,0.1,32.62
59,8,Bank of Maharashtra Apps,0.05,14.56
60,9,BHIM,25.69,8354.34
61,10,Canara Bank Apps,0.31,110.31
62,11,Central Bank of India Apps,0.13,51.04
63,12,Citi Bank Apps,0.08,66.03
64,13,City Union Bank Apps,0.03,8.41
65,14,Cointab,0.07,28.5
66,15,Cred,13.05,16372.92
67,16,DBS Digibank Apps,0.47,175.45
68,17,Deutsche Bank Apps,1.51,128.43
69,18,Dhanlaxmi Bank Apps,0.01,3.02
70,19,Fave,0.18,7.73
71,20,Federal Bank Apps,2.7,375.64
72,21,Fino Payments bank Apps,0.04,3.26
73,22,Finserv Markets,0.01,1.06
74,23,Finshell Pay,0.08,4.45
75,24,GoIbibo,0.01,3.31
76,25,Google Pay,1914.77,344791.35
77,26,Groww,0.61,376.18
78,27,HDFC Bank Apps,5.9,1759.12
79,28,HSBC Bank Apps,0.11,59.72
80,29,ICICI Bank Apps,37.65,9356.17
81,30,IDBI Bank Apps,0.03,16.78
82,31,IDFC Bank Apps,2.49,532.69
83,32,India Post Payments Bank Apps,2.8,328.53
84,33,Indian Bank Apps,0.14,49.9
85,34,Indian Overseas Bank Apps,0.01,1.52
86,35,IndusInd Bank Apps,1.02,2596.71
87,36,Janata Sahakari Bank Apps,0.01,4.28
88,37,Jio Payments Bank Apps,2.1,126.25
89,38,Jupiter,1.47,186.13
90,39,Jupiter Edge (LivQuick PPI App),0.01,0.43
91,40,Karnataka Bank Apps,0.27,35.58
92,41,Karur Vysya Bank Apps,0.04,18.54
93,42,Kotak Mahindra Bank Apps,7.96,1684.35
94,43,MakeMyTrip,0.09,41.18
95,44,MI Pay,0.19,28.58
96,45,Mobikwik,2.37,421.47
97,46,NSDL Payments Bank Apps,0.02,2.32
98,47,Paytm Payments Bank App,851.61,101649.06
99,48,PhonePe,2616.26,486557.03
100,49,Punjab National Bank Apps,0.09,46.27
101,50,Punjab Sind Bank Apps,0.01,5.38
102,51,RBL Bank Apps,0.3,113.65
103,52,Samsung Pay,3.81,470.11
104,53,South Indian Bank Apps,0.13,45.03
105,54,Standard Chartered Bank Apps,0.12,68.15
106,55,State Bank of India Apps,4.03,2118.0
107,56,SuperPay,0.02,0.4
108,57,Tamilnad Mercantile Bank Apps,0.01,0.26
109,58,TataNeu,0.35,32.82
110,59,UCO Bank Apps,0.21,41.48
111,60,Ultracash,0.03,2.22
112,61,Union Bank Apps,0.42,198.34
113,62,Utkarsh Small Finance Bank Apps,0.01,3.88
114,63,WhatsApp,2.5,242.4
115,64,Yes Bank Apps,34.07,10246.99
116,65,YuvaPay,0.06,103.34
117,66,Others,0.02,8.26
118,67,Total April 2022,5682.79,999022.7
119,0,Airtel Payments Bank Apps,9.04,640.22
120,1,Allahabad Bank Apps,0.03,8.96
121,2,Amazon Pay,53.44,5351.07
122,3,AU Small Finance Bank Apps,0.63,184.93
123,4,Axis Bank Apps,51.74,1869.89
124,5,Bajaj Finserv,7.68,1053.08
125,6,Bandhan Bank Apps,0.01,1.44
126,7,Bank of Baroda Apps,1.06,392.74
127,8,Bank of India Apps,0.22,66.93
128,9,Bank of Maharashtra Apps,0.06,19.83
129,10,BHIM,23.77,7368.61
130,11,BPAYWALLET,0.05,9.91
131,12,Canara Bank Apps,1.4,383.46
132,13,Central Bank of India Apps,0.41,91.27
133,14,Citi Bank Apps,0.1,58.17
134,15,City Union Bank Apps,0.06,18.31
135,16,Cointab,0.02,10.61
136,17,Cred,45.7,20729.56
137,18,DBS Digibank Apps,0.41,173.13
138,19,Deutsche Bank Apps,1.65,143.66
139,20,DHANI,0.08,9.21
140,21,Dhanlaxmi Bank Apps,0.01,2.8
141,22,Equitas Small Finance Bank Apps,0.02,13.86
142,23,FAM,11.78,146.58
143,24,Fave,0.03,3.27
144,25,Federal Bank Apps,5.18,624.64
145,26,Fino Payments bank Apps,0.08,5.67
146,27,Google Pay,3109.24,474049.9
147,28,Groww,0.11,80.85
148,29,HDFC Bank Apps,14.48,3701.81
149,30,HSBC Bank Apps,0.14,90.13
150,31,ICICI Bank Apps,41.98,16704.57
151,32,IDBI Bank Apps,0.07,32.02
152,33,IDFC Bank Apps,12.66,2865.32
153,34,India Post Payments Bank Apps,5.24,746.48
154,35,Indian Bank Apps,0.27,86.37
155,36,Indian Overseas Bank Apps,0.03,7.76
156,37,IndusInd Bank Apps,0.8,877.27
157,38,Jio Payments Bank Apps,1.49,112.21
158,39,Jupiter,2.72,380.27
159,40,Akudo & Muvin (Livquik),0.11,4.25
160,41,Karnataka Bank Apps,0.51,110.35
161,42,Karur Vysya Bank Apps,0.04,14.19
162,43,Kotak Mahindra Bank Apps,13.98,2845.65
163,44,MakeMyTrip,0.02,12.91
164,45,Mobikwik,3.48,923.59
165,46,NSDL Payments Bank Apps,0.02,3.42
166,47,OMNI,0.26,6.74
167,48,Paytm Payments Bank App,1299.25,155711.73
168,49,PhonePe,4216.99,710178.44
169,50,PINELABS,0.02,1.31
170,51,Punjab National Bank Apps,1.03,148.28
171,52,Punjab Sind Bank Apps,0.04,14.04
172,53,RBL Bank Apps,1.66,492.33
173,54,Samsung Pay,5.67,511.04
174,55,Slash,0.01,0.32
175,56,slice,0.66,170.62
176,57,South Indian Bank Apps,0.22,63.81
177,58,Standard Chartered Bank Apps,0.16,94.22
178,59,State Bank of India Apps,4.09,1910.15
179,60,Tamilnad Mercantile Bank Apps,0.06,13.15
180,61,TataNeu,0.15,16.46
181,62,UCO Bank Apps,0.34,111.87
182,63,Ultracash,0.03,2.1
183,64,Union Bank Apps,0.74,301.17
184,65,Utkarsh Small Finance Bank Apps,0.02,6.43
185,66,WhatsApp,14.83,1319.01
186,67,Yes Bank Apps,35.33,12454.98
187,68,Others,0.03,8.54
188,69,Total April 2023,9003.64,1426567.87
189,0,Airtel Payments Bank Apps,9.31,2941.88
190,1,Allahabad Bank App,0.01,4.44
191,2,Amazon Pay,60.67,5297.16
192,3,AU Small Finance Bank App,0.1,38.53
193,4,Axis Bank Apps,87.49,959.73
194,5,Bajaj Finserv,0.04,2.85
195,6,Bank of Baroda Apps,0.75,302.06
196,7,Bank of India App,0.03,10.31
197,8,Bank of Maharashtra App,0.04,7.76
198,9,BHIM,26.33,8063.93
199,10,Canara Bank App,0.14,56.23
200,11,Central Bank of India App,0.13,47.83
201,12,Citi Bank App,0.09,72.04
202,13,City Union Bank App,0.01,2.73
203,14,Cointab,0.28,63.77
204,15,Cred,7.5,9040.43
205,16,DBS Digibank App,0.57,187.52
206,17,Dena Bank App,0.02,23.12
207,18,Deutsche Bank App,0.73,81.74
208,19,Federal Bank App,0.35,74.71
209,20,Fino Payments bank App,0.02,1.38
210,21,Google Pay,1243.75,244453.05
211,22,HDFC Bank Apps,3.1,676.72
212,23,HSBC Bank App,0.07,39.24
213,24,ICICI Bank Apps,19.81,5621.27
214,25,IDBI Bank App,0.03,11.26
215,26,IDFC Bank App,0.4,155.19
216,27,India Post Payments Bank App,2.0,255.16
217,28,Indian Bank App,0.08,34.46
218,29,IndusInd Bank App,0.52,570.21
219,30,Janta Sahakari Bank App,0.01,4.8
220,31,Jio Payments Bank App,1.06,68.16
221,32,Jupiter Money,0.07,17.36
222,33,Karnataka Bank App,0.12,15.38
223,34,Karur Vysya Bank App,0.03,15.25
224,35,Kotak Mahindra Bank Apps,3.98,723.21
225,36,MakeMy Trip,0.08,25.28
226,37,MI Pay,0.34,50.26
227,38,Mobikwik,2.59,418.04
228,39,NSDL Payments Bank App,0.01,0.85
229,40,Paytm Payments Bank App,498.65,56319.62
230,41,PhonePe,1622.95,301644.8
231,42,Punjab National Bank App,0.04,15.28
232,43,Punjab Sindh Bank App,0.01,2.53
233,44,RBL Bank App,0.16,70.24
234,45,RealMe,0.01,0.41
235,46,Samsung Pay,2.25,372.08
236,47,South Indian Bank App,0.09,31.69
237,48,Standard Chartered Bank App,0.08,45.31
238,49,State Bank of India Apps,3.69,1905.52
239,50,UCO Bank App,0.09,21.64
240,51,Ultracash,1.66,161.92
241,52,Union Bank Apps,0.37,150.94
242,53,WhatsApp,0.5,44.7
243,54,Yes Bank Apps,24.35,5702.87
244,55,YuvaPay,0.02,19.01
245,56,Other Apps,0.02,10.41
246,57,Total August 2021,3627.6,646954.27
247,0,Airtel Payments Bank Apps,7.96,608.5
248,1,Allahabad Bank Apps,0.03,7.7
249,2,Amazon Pay,62.43,6353.15
250,3,AU Small Finance Bank Apps,0.45,138.7
251,4,Axis Bank Apps,58.11,1357.89
252,5,Bajaj Finserv,2.45,178.59
253,6,Bajaj Markets,0.02,1.58
254,7,Bandhan Bank Apps,0.01,1.25
255,8,Bank of Baroda Apps,0.99,383.43
256,9,Bank of India Apps,0.17,54.81
257,10,Bank of Maharashtra Apps,0.07,17.19
258,11,BHIM,24.99,7860.48
259,12,Canara Bank Apps,0.67,176.37
260,13,Central Bank of India Apps,0.24,64.59
261,14,Citi Bank Apps,0.11,63.08
262,15,City Union Bank Apps,0.04,11.45
263,16,Cointab,0.06,24.98
264,17,Cred,14.81,19084.3
265,18,DBS Digibank Apps,0.48,178.76
266,19,Deutsche Bank Apps,1.98,119.21
267,20,Dhanlaxmi Bank Apps,0.01,3.1
268,21,Equitas Small Finance Bank Apps,0.01,4.94
269,22,Fave,0.14,7.71
270,23,Federal Bank Apps,3.8,520.2
271,24,Fino Payments bank Apps,0.08,5.05
272,25,GoIbibo,0.01,4.82
273,26,Google Pay,2212.73,371081.16
274,27,Groww,0.8,490.93
275,28,HDFC Bank Apps,9.83,2415.47
276,29,HSBC Bank Apps,0.11,66.14
277,30,ICICI Bank Apps,45.59,10725.25
278,31,IDBI Bank Apps,0.04,20.31
279,32,IDFC Bank Apps,10.19,762.41
280,33,India Post Payments Bank Apps,4.3,504.41
281,34,Indian Bank Apps,0.22,63.33
282,35,Indian Overseas Bank Apps,0.01,4.66
283,36,IndusInd Bank Apps,1.01,1605.56
284,37,Janata Sahakari Bank Apps,0.01,4.56
285,38,Jio Payments Bank Apps,1.85,113.28
286,39,Jupiter,2.03,249.2
287,40,Karnataka Bank Apps,0.38,55.32
288,41,Karur Vysya Bank Apps,0.04,16.54
289,42,Kotak Mahindra Bank Apps,9.28,1939.14
290,43,MakeMyTrip,0.15,62.67
291,44,MI Pay,0.15,24.8
292,45,Mobikwik,2.84,562.95
293,46,NSDL Payments Bank Apps,0.02,2.85
294,47,Paytm Payments Bank App,986.39,114217.1
295,48,PhonePe,3146.71,528433.49
296,49,Punjab National Bank Apps,0.09,43.41
297,50,Punjab Sind Bank Apps,0.01,5.25
298,51,RBL Bank Apps,0.82,163.02
299,52,Samsung Pay,4.09,468.37
300,53,South Indian Bank Apps,0.16,52.73
301,54,Standard Chartered Bank Apps,0.14,73.6
302,55,State Bank of India Apps,4.1,1926.51
303,56,Tamilnad Mercantile Bank Apps,0.06,7.94
304,57,TataNeu,0.1,15.78
305,58,TJSB Bank Apps,0.01,2.2
306,59,UCO Bank Apps,0.25,65.69
307,60,Ultracash,0.02,1.54
308,61,Union Bank Apps,0.52,215.23
309,62,Utkarsh Small Finance Bank Apps,0.02,4.71
310,63,WhatsApp,6.72,567.17
311,64,Yes Bank Apps,57.8,16234.92
312,65,Others,0.01,5.72
313,0,PhonePe,4987.33,775265.57
314,1,Google Pay,3767.68,538113.42
315,2,Paytm Payments Bank App,1484.82,176804.51
316,3,Cred,85.13,31926.2
317,4,Axis Bank Apps,69.43,3037.11
318,5,Amazon Pay,54.02,5836.99
319,6,ICICI Bank Apps,38.57,20999.12
320,7,Yes Bank Apps,28.94,11254.77
321,8,BHIM,24.61,7793.58
322,9,Kotak Mahindra Bank Apps,21.17,3678.04
323,10,FAM,20.27,235.89
324,11,WhatsApp,19.7,1677.53
325,12,HDFC Bank Apps,18.94,4671.76
326,13,Bajaj Finserv,13.22,1995.11
327,14,Airtel Payments Bank Apps,10.2,699.27
328,15,Samsung Pay,6.0,538.48
329,16,Federal Bank Apps,5.7,700.66
330,17,India Post Payments Bank Apps,5.56,498.37
331,18,State Bank of India Apps,5.39,2104.81
332,19,Groww,4.74,2911.09
333,20,IDFC Bank Apps,4.36,1107.81
334,21,Mobikwik,3.96,1203.54
335,22,Jupiter,3.94,500.95
336,23,Standard Chartered Bank Apps,3.59,514.44
337,24,Deutsche Bank Apps,2.08,359.86
338,25,Canara Bank Apps,1.64,492.29
339,26,Jio Payments Bank Apps,1.42,113.65
340,27,RBL Bank Apps,1.38,548.31
341,28,Bank of Baroda Apps,1.27,466.84
342,29,slice,0.96,306.89
343,30,Union Bank Apps,0.9,324.77
344,31,Punjab National Bank Apps,0.86,179.75
345,32,IndusInd Bank Apps,0.85,391.31
346,33,OMNI,0.77,25.2
347,34,AU Small Finance Bank Apps,0.71,218.16
348,35,KIWI,0.69,69.86
349,36,Karnataka Bank Apps,0.65,127.83
350,37,DBS Digibank Apps,0.46,174.06
351,38,Central Bank of India Apps,0.45,96.41
352,39,UCO Bank Apps,0.38,132.77
353,40,Indian Bank Apps,0.33,91.69
354,41,Bank of India Apps,0.29,85.09
355,42,South Indian Bank Apps,0.28,77.42
356,43,Fino Payments bank Apps,0.21,15.43
357,44,HSBC Bank Apps,0.17,98.19
358,45,BPAYWALLET,0.15,32.07
359,46,Fave,0.12,7.54
360,47,TataNeu,0.1,16.09
361,48,Tamilnad Mercantile Bank Apps,0.1,25.45
362,49,Ultracash,0.09,6.17
363,50,Citi Bank Apps,0.08,58.11
364,51,Indian Overseas Bank Apps,0.07,19.01
365,52,City Union Bank Apps,0.07,19.79
366,53,IDBI Bank Apps,0.06,31.69
367,54,INDIE,0.05,12.6
368,55,Bank of Maharashtra Apps,0.05,8.18
369,56,Karur Vysya Bank Apps,0.05,16.11
370,57,MakeMyTrip,0.04,20.49
371,58,SHRIRAMHDFCBANK,0.04,2.33
372,59,Equitas Small Finance Bank Apps,0.03,19.23
373,60,NSDL Payments Bank Apps,0.03,5.39
374,61,Allahabad Bank Apps,0.03,7.81
375,62,Punjab Sind Bank Apps,0.03,12.74
376,63,DHANI,0.03,4.2
377,64,Utkarsh Small Finance Bank Apps,0.02,6.67
378,65,Jammu and Kashmir Bank Apps,0.01,2.8
379,66,DIGIKHATA,0.01,3.81
380,67,ZOICICI,0.01,1.0
381,68,Dhanlaxmi Bank Apps,0.01,3.02
382,69,GoIbibo,0.01,2.99
383,70,SURYODAY,0.01,0.03
384,71,Bandhan Bank Apps,0.01,0.87
385,72,Others,0.03,8.46
386,0,Airtel Payments Bank Apps,15.12,5732.09
387,1,Allahabad Bank App,0.02,7.43
388,2,Amazon Pay,76.18,6641.62
389,3,AU Small Finance Bank App,0.21,76.22
390,4,Axis Bank Apps,59.85,957.37
391,5,Bajaj Finserv,0.13,7.08
392,6,Bank of Baroda Apps,0.75,333.91
393,7,Bank of India App,0.04,17.26
394,8,Bank of Maharashtra App,0.05,11.52
395,9,BHIM,27.12,8831.67
396,10,Canara Bank App,0.25,90.72
397,11,Central Bank of India App,0.13,46.47
398,12,Citi Bank App,0.09,76.94
399,13,City Union Bank App,0.01,4.61
400,14,Cointab,0.94,144.16
401,15,Cred,10.36,13817.16
402,16,DBS Digibank App,0.55,190.75
403,17,Dena Bank App,0.02,26.08
404,18,Deutsche Bank App,0.85,86.2
405,19,Dhanlaxmi Bank App,0.01,3.07
406,20,Federal Bank App,0.48,99.96
407,21,Fino Payments bank App,0.03,2.09
408,22,Finshell Pay,0.06,2.92
409,23,Google Pay,1587.43,302989.79
410,24,HDFC Bank Apps,4.96,1250.74
411,25,HSBC Bank App,0.09,53.73
412,26,ICICI Bank Apps,31.99,8921.76
413,27,IDBI Bank App,0.02,11.34
414,28,IDFC Bank App,0.9,278.53
415,29,India Post Payments Bank App,2.76,321.16
416,30,Indian Bank App,0.12,42.71
417,31,IndusInd Bank App,1.19,1269.16
418,32,Jammu and Kashmir Bank App,0.01,1.93
419,33,Janta Sahakari Bank App,0.01,4.48
420,34,Jio Payments Bank App,1.65,100.19
421,35,Jupiter Money,0.98,177.92
422,36,Karnataka Bank App,0.25,30.03
423,37,Karur Vysya Bank App,0.04,17.44
424,38,Kotak Mahindra Bank Apps,6.39,1168.93
425,39,MakeMy Trip,0.07,22.3
426,40,MI Pay,0.31,43.97
427,41,Mobikwik,4.24,985.86
428,42,NSDL Payments Bank App,0.01,1.31
429,43,Paytm Payments Bank App,706.37,88094.49
430,44,PhonePe,2077.6,394565.58
431,45,Punjab National Bank App,0.07,33.76
432,46,RBL Bank App,0.35,102.17
433,47,Samsung Pay,3.21,436.3
434,48,South Indian Bank App,0.13,39.92
435,49,Standard Chartered Bank App,0.1,60.26
436,50,State Bank of India Apps,3.63,1961.72
437,51,UCO Bank App,0.14,33.49
438,52,Ultracash,1.96,178.99
439,53,Union Bank Apps,0.36,167.6
440,54,WhatsApp,2.25,188.78
441,55,Yes Bank Apps,25.14,5689.75
442,56,YuvaPay,0.05,78.43
443,57,Others,0.02,8.74
444,0,Airtel Payments Bank Apps,8.7,681.67
445,1,Allahabad Bank Apps,0.03,9.75
446,2,Amazon Pay,69.61,6621.66
447,3,AU Small Finance Bank Apps,0.58,177.47
448,4,Axis Bank Apps,65.56,1305.09
449,5,Bajaj Finserv,4.56,647.71
450,6,Bandhan Bank Apps,0.01,1.53
451,7,Bank of Baroda Apps,1.02,397.56
452,8,Bank of India Apps,0.22,64.32
453,9,Bank of Maharashtra Apps,0.08,19.91
454,10,BHIM,25.5,8400.04
455,11,Canara Bank Apps,1.02,275.7
456,12,Central Bank of India Apps,0.26,60.32
457,13,Citi Bank Apps,0.09,68.38
458,14,City Union Bank Apps,0.05,14.38
459,15,Cointab,0.05,18.98
460,16,Cred,31.42,19622.29
461,17,DBS Digibank Apps,0.41,171.59
462,18,Deutsche Bank Apps,1.28,104.49
463,19,Dhanlaxmi Bank Apps,0.01,3.16
464,20,Equitas Small Finance Bank Apps,0.02,11.69
465,21,Fampay PPI,9.7,127.19
466,22,Fave,0.08,5.01
467,23,Federal Bank Apps,4.57,595.18
468,24,Fino Payments bank Apps,0.11,7.49
469,25,Google Pay,2712.34,440370.99
470,26,Groww,0.21,153.02
471,27,HDFC Bank Apps,11.81,3143.24
472,28,HSBC Bank Apps,0.15,78.63
473,29,ICICI Bank Apps,48.29,16125.15
474,30,IDBI Bank Apps,0.07,29.5
475,31,IDFC Bank Apps,9.7,1322.98
476,32,India Post Payments Bank Apps,5.55,682.59
477,33,Indian Bank Apps,0.25,73.71
478,34,Indian Overseas Bank Apps,0.01,2.9
479,35,IndusInd Bank Apps,1.26,1062.4
480,36,Janata Sahakari Bank Apps,0.01,4.58
481,37,Jio Payments Bank Apps,1.48,104.71
482,38,Jupiter,2.53,318.03
483,39,Karnataka Bank Apps,0.48,91.09
484,40,Karur Vysya Bank Apps,0.04,14.87
485,41,Kotak Mahindra Bank Apps,11.53,2480.18
486,42,MakeMyTrip,0.1,52.3
487,43,Mobikwik,3.62,806.82
488,44,NSDL Payments Bank Apps,0.02,2.95
489,45,Paytm Payments Bank App,1170.34,138821.66
490,46,PhonePe,3674.24,639348.78
491,47,Punjab National Bank Apps,0.22,76.7
492,48,Punjab Sind Bank Apps,0.03,10.48
493,49,RBL Bank Apps,1.1,215.3
494,50,Samsung Pay,5.49,531.12
495,51,Slash,0.01,0.79
496,52,Slice,0.15,15.74
497,53,South Indian Bank Apps,0.18,53.2
498,54,Standard Chartered Bank Apps,0.16,90.42
499,55,State Bank of India Apps,4.22,1928.43
500,56,Tamilnad Mercantile Bank Apps,0.08,12.13
501,57,TataNeu,0.15,17.64
502,58,UCO Bank Apps,0.31,93.32
503,59,Ultracash,0.03,1.65
504,60,Union Bank Apps,0.92,310.63
505,61,Utkarsh Small Finance Bank Apps,0.02,7.81
506,62,WhatsApp,11.05,917.49
507,63,Yes Bank Apps,36.16,13415.46
508,64,Others,0.03,7.64
509,0,Airtel Payments Bank Apps,7.58,2210.17
510,1,Allahabad Bank App,0.02,6.28
511,2,Amazon Pay,63.49,6044.47
512,3,AU Small Finance Bank App,0.25,89.36
513,4,Axis Bank Apps,54.78,1405.26
514,5,Bajaj Finserv,0.33,19.32
515,6,Bank of Baroda Apps,0.67,330.69
516,7,Bank of India App,0.05,21.28
517,8,Bank of Maharashtra App,0.05,12.49
518,9,BHIM,23.25,7891.86
519,10,Canara Bank App,0.26,95.78
520,11,Central Bank of India App,0.12,45.26
521,12,Citi Bank App,0.08,69.22
522,13,City Union Bank App,0.02,5.49
523,14,Cointab,1.73,280.57
524,15,Cred,10.08,13364.09
525,16,DBS Digibank App,0.46,173.63
526,17,Dena Bank App,0.02,23.93
527,18,Deutsche Bank App,0.87,70.43
528,19,Dhanlaxmi Bank App,0.01,2.83
529,20,Federal Bank App,0.55,108.21
530,21,Fino Payments bank App,0.03,3.25
531,22,Finshell Pay,0.06,3.8
532,23,Google Pay,1524.09,291273.46
533,24,HDFC Bank Apps,4.59,1370.03
534,25,HSBC Bank App,0.08,52.97
535,26,ICICI Bank Apps,30.66,8727.44
536,27,IDBI Bank App,0.02,14.6
537,28,IDFC Bank App,1.21,321.93
538,29,India Post Payments Bank App,2.21,268.9
539,30,Indian Bank App,0.11,42.07
540,31,IndusInd Bank App,0.77,1358.24
541,32,Jammu and Kashmir Bank App,0.01,3.43
542,33,Janta Sahakari Bank App,0.01,4.33
543,34,Jio Payments Bank App,1.97,111.85
544,35,Jupiter Money,1.13,140.79
545,36,Karnataka Bank App,0.25,31.35
546,37,Karur Vysya Bank App,0.04,17.17
547,38,Kotak Mahindra Bank Apps,6.91,1383.3
548,39,MakeMy Trip,0.08,33.03
549,40,MI Pay,0.25,38.46
550,41,Mobikwik,3.78,755.89
551,42,NSDL Payments Bank App,0.02,1.77
552,43,Paytm Payments Bank App,706.77,86299.22
553,44,PhonePe,2120.2,407640.11
554,45,Punjab National Bank App,0.08,43.49
555,46,Punjab Sindh Bank Apps,0.01,2.66
556,47,RBL Bank App,0.51,107.25
557,48,Samsung Pay,3.14,421.97
558,49,South Indian Bank App,0.12,38.69
559,50,Standard Chartered Bank App,0.12,64.7
560,51,State Bank of India Apps,3.38,1863.42
561,52,UCO Bank App,0.16,35.05
562,53,Ultracash,1.51,158.7
563,54,Union Bank Apps,0.35,166.72
564,55,Utkarsh Small Finance Bank,0.01,2.42
565,56,WhatsApp,2.24,207.09
566,57,Yes Bank Apps,32.17,6551.61
567,58,YuvaPay,0.05,89.7
568,59,Others,0.02,8.15
569,0,Airtel Payments Bank Apps,8.71,730.45
570,1,Allahabad Bank Apps,0.03,8.47
571,2,Amazon Pay,47.8,4981.82
572,3,AU Small Finance Bank Apps,0.55,165.07
573,4,Axis Bank Apps,51.95,1413.95
574,5,Bajaj Finserv,5.44,882.75
575,6,Bandhan Bank Apps,0.01,1.71
576,7,Bank of Baroda Apps,1.14,409.33
577,8,Bank of India Apps,0.24,68.69
578,9,Bank of Maharashtra Apps,0.07,19.02
579,10,BHIM,23.21,7158.37
580,11,Bajaj Finserv,0.01,3.43
581,12,Canara Bank Apps,1.09,284.23
582,13,Central Bank of India Apps,0.32,72.15
583,14,Citi Bank Apps,0.08,59.37
584,15,City Union Bank Apps,0.06,15.94
585,16,Cointab,0.04,16.4
586,17,Cred,36.57,17902.2
587,18,DBS Digibank Apps,0.39,161.51
588,19,Deutsche Bank Apps,1.32,118.35
589,20,Transerv,0.02,3.13
590,21,Dhanlaxmi Bank Apps,0.01,2.67
591,22,Equitas Small Finance Bank Apps,0.02,11.41
592,23,EROUTE,0.17,6.08
593,24,FamPay PPI,1.6,21.73
594,25,Fave,0.11,7.08
595,26,Federal Bank Apps,4.76,590.97
596,27,Fino Payments bank Apps,0.1,6.5
597,28,Google Pay,2639.55,424442.48
598,29,Groww,0.21,158.9
599,30,HDFC Bank Apps,11.87,3116.17
600,31,HSBC Bank Apps,0.12,73.04
601,32,ICICI Bank Apps,40.52,14831.4
602,33,IDBI Bank Apps,0.07,29.25
603,34,IDFC Bank Apps,22.28,3044.21
604,35,India Post Payments Bank Apps,4.05,609.49
605,36,Indian Bank Apps,0.24,68.57
606,37,Indian Overseas Bank Apps,0.01,2.31
607,38,IndusInd Bank Apps,0.78,848.43
608,39,Jio Payments Bank Apps,1.5,104.03
609,40,Jupiter,2.39,314.07
610,41,Karnataka Bank Apps,0.39,88.38
611,42,Karur Vysya Bank Apps,0.04,14.78
612,43,Kotak Mahindra Bank Apps,12.09,2521.65
613,44,MakeMyTrip,0.05,22.7
614,45,Mobikwik,3.39,804.92
615,46,NSDL Payments Bank Apps,0.02,3.0
616,47,Paytm Payments Bank App,1137.53,136528.25
617,48,PhonePe,3519.12,620121.97
618,49,Punjab National Bank Apps,0.33,90.01
619,50,Punjab Sind Bank Apps,0.04,12.34
620,51,RBL Bank Apps,1.74,489.45
621,52,Samsung Pay,5.24,488.33
622,53,Slash,0.01,0.49
623,54,slice,0.47,117.78
624,55,South Indian Bank Apps,0.2,54.81
625,56,Standard Chartered Bank Apps,0.14,82.79
626,57,State Bank of India Apps,3.72,1753.93
627,58,Tamilnad Mercantile Bank Apps,0.06,10.21
628,59,TataNeu,0.13,14.54
629,60,UCO Bank Apps,0.31,97.44
630,61,Ultracash,0.03,1.67
631,62,Union Bank Apps,0.71,280.27
632,63,Utkarsh Small Finance Bank Apps,0.02,9.01
633,64,WhatsApp,11.63,970.67
634,65,Yes Bank Apps,26.55,7518.24
635,66,Others,0.03,9.01
636,0,Airtel Payments Bank Apps,13.22,4729.77
637,1,Allahabad Bank App,0.02,7.36
638,2,Amazon Pay,73.5,6729.66
639,3,AU Small Finance Bank App,0.23,81.15
640,4,Axis Bank Apps,47.25,1093.02
641,5,Bajaj Finserv,0.24,12.88
642,6,Bank of Baroda Apps,0.71,342.85
643,7,Bank of India App,0.05,20.23
644,8,Bank of Maharashtra App,0.05,12.46
645,9,BHIM,25.82,8511.91
646,10,Canara Bank App,0.26,98.95
647,11,Central Bank of India App,0.13,47.33
648,12,Citi Bank App,0.09,77.8
649,13,City Union Bank App,0.02,4.92
650,14,Cointab,1.21,179.22
651,15,Cred,10.68,14189.86
652,16,DBS Digibank App,0.51,186.79
653,17,Dena Bank App,0.02,26.5
654,18,Deutsche Bank App,0.92,62.08
655,19,Dhanlaxmi Bank App,0.01,2.95
656,20,Federal Bank App,0.54,109.25
657,21,Fino Payments bank App,0.03,2.79
658,22,Finshell Pay,0.07,3.69
659,23,Google Pay,1584.2,298267.07
660,24,HDFC Bank Apps,4.94,1366.89
661,25,HSBC Bank App,0.08,54.57
662,26,ICICI Bank Apps,33.43,8707.05
663,27,IDBI Bank App,0.02,12.54
664,28,IDFC Bank App,1.22,316.37
665,29,India Post Payments Bank App,2.65,309.42
666,30,Indian Bank App,0.13,47.42
667,31,IndusInd Bank App,0.74,1218.79
668,32,Jammu and Kashmir Bank App,0.01,2.47
669,33,Janta Sahakari Bank App,0.01,4.46
670,34,Jio Payments Bank App,2.05,114.39
671,35,Jupiter Money,1.02,156.15
672,36,Karnataka Bank App,0.25,31.19
673,37,Karur Vysya Bank App,0.04,17.37
674,38,Kotak Mahindra Bank Apps,6.88,1333.06
675,39,MakeMy Trip,0.06,19.63
676,40,MI Pay,0.27,40.51
677,41,Mobikwik,3.87,886.55
678,42,NSDL Payments Bank App,0.02,1.45
679,43,Paytm Payments Bank App,710.28,85125.97
680,44,PhonePe,2140.28,405173.78
681,45,Punjab National Bank App,0.09,44.86
682,46,Punjab Sindh Bank App,0.01,2.87
683,47,RBL Bank App,0.43,101.45
684,48,Samsung Pay,3.17,431.07
685,49,South Indian Bank App,0.13,41.4
686,50,Standard Chartered Bank App,0.11,60.49
687,51,State Bank of India Apps,3.62,1967.05
688,52,UCO Bank App,0.16,37.26
689,53,Ultracash,2.14,177.63
690,54,Union Bank Apps,0.39,182.27
691,55,WhatsApp,2.34,205.83
692,56,Yes Bank Apps,27.59,5817.16
693,57,YuvaPay,0.05,77.12
694,58,Others,0.02,9.08
695,0,Airtel Payments Bank Apps,9.77,834.63
696,1,Allahabad Bank Apps,0.03,9.17
697,2,Amazon Pay,57.75,5797.03
698,3,AU Small Finance Bank Apps,0.58,181.45
699,4,Axis Bank Apps,56.28,1467.64
700,5,Bajaj Finserv,5.01,812.4
701,6,Bajaj Markets,0.01,0.5
702,7,Bandhan Bank Apps,0.01,1.47
703,8,Bank of Baroda Apps,1.1,423.46
704,9,Bank of India Apps,0.24,70.34
705,10,Bank of Maharashtra Apps,0.08,20.39
706,11,BHIM,24.96,8164.65
707,12,Canara Bank Apps,1.08,289.29
708,13,Central Bank of India Apps,0.31,68.68
709,14,Citi Bank Apps,0.12,71.81
710,15,City Union Bank Apps,0.05,15.51
711,16,Cointab,0.05,21.16
712,17,Cred,35.18,19106.82
713,18,DBS Digibank Apps,0.41,174.02
714,19,Deutsche Bank Apps,1.31,150.29
715,20,Dhanlaxmi Bank Apps,0.01,2.76
716,21,Equitas Small Finance Bank Apps,0.02,13.02
717,22,Eroute,0.08,2.29
718,23,Fampay PPI,12.8,175.64
719,24,Fave,0.11,7.87
720,25,Federal Bank Apps,4.72,604.61
721,26,Fino Payments bank Apps,0.11,7.51
722,27,GoIbibo,0.01,1.6
723,28,Google Pay,2782.42,443725.01
724,29,Groww,0.19,152.17
725,30,HDFC Bank Apps,12.3,3324.81
726,31,HSBC Bank Apps,0.13,75.58
727,32,ICICI Bank Apps,45.14,17088.16
728,33,IDBI Bank Apps,0.07,30.81
729,34,IDFC Bank Apps,11.47,2222.2
730,35,India Post Payments Bank Apps,5.43,707.37
731,36,Indian Bank Apps,0.26,73.38
732,37,Indian Overseas Bank Apps,0.01,2.31
733,38,IndusInd Bank Apps,0.84,962.09
734,39,Janata Sahakari Bank Apps,0.01,3.98
735,40,Jio Payments Bank Apps,1.59,108.84
736,41,Jupiter,2.49,323.88
737,42,Karnataka Bank Apps,0.4,85.81
738,43,Karur Vysya Bank Apps,0.04,15.27
739,44,Kotak Mahindra Bank Apps,12.14,2612.6
740,45,MakeMyTrip,0.08,35.59
741,46,Mobikwik,3.49,785.48
742,47,NSDL Payments Bank Apps,0.02,3.0
743,48,Paytm Payments Bank App,1190.89,139673.0
744,49,PhonePe,3802.67,651108.51
745,50,Punjab National Bank Apps,0.25,82.15
746,51,Punjab Sind Bank Apps,0.04,13.08
747,52,RBL Bank Apps,1.32,242.88
748,53,Samsung Pay,5.52,523.73
749,54,Slash,0.01,0.68
750,55,slice,0.22,45.82
751,56,South Indian Bank Apps,0.19,56.75
752,57,Standard Chartered Bank Apps,0.15,85.16
753,58,State Bank of India Apps,4.06,1901.92
754,59,Tamilnad Mercantile Bank Apps,0.07,11.67
755,60,TataNeu,0.11,14.79
756,61,Transerv,0.01,0.71
757,62,UCO Bank Apps,0.32,101.06
758,63,Ultracash,0.04,2.25
759,64,Union Bank Apps,0.8,303.93
760,65,Utkarsh Small Finance Bank Apps,0.02,8.35
761,66,WhatsApp,11.47,963.12
762,67,Yes Bank Apps,33.96,12116.61
763,68,Others,0.02,5.57
764,0,Airtel Payments Bank Apps,7.41,555.26
765,1,Allahabad Bank Apps,0.03,6.95
766,2,Amazon Pay,68.77,6751.8
767,3,AU Small Finance Bank Apps,0.42,131.49
768,4,Axis Bank Apps,53.99,1213.95
769,5,Bajaj Finserv,1.95,128.52
770,6,Bajaj Markets,0.02,1.66
771,7,Bandhan Bank Apps,0.01,1.35
772,8,Bank of Baroda Apps,0.88,354.45
773,9,Bank of India Apps,0.15,46.44
774,10,Bank of Maharashtra Apps,0.06,16.47
775,11,BHIM,24.48,7823.95
776,12,Canara Bank Apps,0.47,128.79
777,13,Central Bank of India Apps,0.22,58.37
778,14,Citi Bank Apps,0.11,63.66
779,15,City Union Bank Apps,0.03,10.19
780,16,Cointab,0.07,27.3
781,17,Cred,14.89,19716.43
782,18,DBS Digibank Apps,0.47,179.27
783,19,Deutsche Bank Apps,1.87,116.01
784,20,Dhanlaxmi Bank Apps,0.01,2.86
785,21,Equitas Small Finance Bank Apps,0.01,4.89
786,22,Fave,0.16,11.06
787,23,Federal Bank Apps,3.85,539.55
788,24,Fino Payments Bank Apps,0.06,4.26
789,25,GoIbibo,0.01,5.1
790,26,Google Pay,2130.63,366669.09
791,27,Groww,0.49,290.31
792,28,HDFC Bank Apps,9.38,2341.28
793,29,HSBC Bank Apps,0.11,68.47
794,30,ICICI Bank Apps,37.34,11509.29
795,31,IDBI Bank Apps,0.03,16.42
796,32,IDFC Bank Apps,8.28,645.34
797,33,India Post Payments Bank Apps,4.08,480.59
798,34,Indian Bank Apps,0.21,71.39
799,35,Indian Overseas Bank Apps,0.01,3.74
800,36,IndusInd Bank Apps,0.99,1652.26
801,37,Janata Sahakari Bank Apps,0.01,4.15
802,38,Jio Payments Bank Apps,1.9,116.59
803,39,Jupiter,2.1,254.14
804,40,Karnataka Bank Apps,0.35,48.01
805,41,Karur Vysya Bank Apps,0.04,15.66
806,42,Kotak Mahindra Bank Apps,8.86,1816.33
807,43,MakeMyTrip,0.13,58.19
808,44,MI Pay,0.16,26.98
809,45,Mobikwik,2.48,462.17
810,46,NSDL Payments Bank Apps,0.02,3.5
811,47,Paytm Payments Bank App,933.88,111149.66
812,48,PhonePe,2993.83,524742.49
813,49,Punjab National Bank Apps,0.07,35.7
814,50,Punjab Sind Bank Apps,0.01,4.03
815,51,RBL Bank Apps,0.54,121.17
816,52,Samsung Pay,4.05,472.39
817,53,South Indian Bank Apps,0.15,46.97
818,54,Standard Chartered Bank Apps,0.14,74.11
819,55,State Bank of India Apps,4.15,2013.47
820,56,Tamilnad Mercantile Bank Apps,0.05,6.78
821,57,TataNeu,0.11,17.26
822,58,TJSB Bank Apps,0.01,2.26
823,59,UCO Bank Apps,0.22,46.83
824,60,Ultracash,0.03,2.08
825,61,Union Bank Apps,0.49,208.03
826,62,Utkarsh Small Finance Bank Apps,0.02,4.55
827,63,WhatsApp,6.18,502.0
828,64,Yes Bank Apps,60.8,15236.04
829,65,YuvaPay,0.01,21.38
830,66,Others,0.02,5.15
831,0,PhonePe,4743.66,761247.87
832,1,Google Pay,3494.64,518095.1
833,2,Paytm Payments Bank App,1393.66,170767.35
834,3,Cred,80.34,30999.71
835,4,Axis Bank Apps,64.3,3217.03
836,5,Amazon Pay,57.6,6163.84
837,6,ICICI Bank Apps,35.92,17770.37
838,7,Yes Bank Apps,32.01,11502.79
839,8,BHIM,24.94,8244.91
840,9,Kotak Mahindra Bank Apps,18.56,3480.6
841,10,WhatsApp,17.84,1598.67
842,11,HDFC Bank Apps,17.77,4410.51
843,12,Fampay,16.79,206.43
844,13,Bajaj Finserv,12.11,1740.97
845,14,Airtel Payments Bank Apps,9.65,666.04
846,15,Samsung Pay,5.81,544.13
847,16,India Post Payments Bank Apps,5.43,587.75
848,17,Federal Bank Apps,5.19,665.11
849,18,State Bank of India Apps,5.01,2095.15
850,19,IDFC Bank Apps,4.17,1121.41
851,20,Standard Chartered Bank Apps,4.14,2129.38
852,21,Mobikwik,3.79,1140.63
853,22,Jupiter,3.27,466.39
854,23,Groww,2.81,2075.98
855,24,Deutsche Bank Apps,1.83,175.52
856,25,Canara Bank Apps,1.73,514.02
857,26,Kiwi,1.53,52.51
858,27,Bank of Baroda Apps,1.34,477.16
859,28,Jio Payments Bank Apps,1.34,114.12
860,29,RBL Bank Apps,1.28,529.58
861,30,slice,0.94,301.0
862,31,Union Bank Apps,0.88,349.19
863,32,IndusInd Bank Apps,0.84,723.32
864,33,Punjab National Bank Apps,0.79,181.5
865,34,AU Small Finance Bank Apps,0.68,209.86
866,35,Omnicard,0.62,19.49
867,36,Karnataka Bank Apps,0.61,124.34
868,37,DBS Digibank Apps,0.44,179.72
869,38,Central Bank of India Apps,0.44,97.75
870,39,UCO Bank Apps,0.36,116.31
871,40,Indian Bank Apps,0.31,92.64
872,41,South Indian Bank Apps,0.25,73.83
873,42,Bank of India Apps,0.25,78.83
874,43,Fino Payments bank Apps,0.17,13.36
875,44,HSBC Bank Apps,0.16,96.52
876,45,Fave,0.12,7.56
877,46,Bajaj Finserv PPI,0.11,25.8
878,47,TataNeu,0.1,16.7
879,48,Tamilnad Mercantile Bank Apps,0.1,23.5
880,49,IDBI Bank Apps,0.07,37.4
881,50,Citi Bank Apps,0.07,61.36
882,51,Ultracash,0.07,5.01
883,52,City Union Bank Apps,0.07,20.96
884,53,Indian Overseas Bank Apps,0.07,18.01
885,54,Karur Vysya Bank Apps,0.04,16.34
886,55,MakeMyTrip,0.04,19.92
887,56,Dhani,0.03,7.81
888,57,Equitas Small Finance Bank Apps,0.03,18.9
889,58,Bank of Maharashtra Apps,0.03,5.66
890,59,Allahabad Bank Apps,0.03,8.73
891,60,Punjab Sind Bank Apps,0.03,12.72
892,61,NSDL Payments Bank Apps,0.03,4.56
893,62,Utkarsh Small Finance Bank Apps,0.02,6.24
894,63,Mobikwik PPI,0.02,3.63
895,64,Jammu and Kashmir Bank Apps,0.01,2.29
896,65,Zomato,0.01,0.66
897,66,Dhanlaxmi Bank Apps,0.01,2.87
898,67,Bandhan Bank Apps,0.01,0.98
899,68,Shriram ,0.01,0.21
900,69,Others,0.03,11.05
901,0,Airtel Payments Bank Apps,6.69,2821.94
902,1,Amazon Pay,51.34,4814.74
903,2,AU Small Finance Bank App,0.05,25.43
904,3,Axis Bank Apps,61.92,857.05
905,4,Bajaj Finserv,0.01,1.05
906,5,Bank of Baroda Apps,0.6,265.38
907,6,Bank of India App,0.02,8.25
908,7,Bank of Maharashtra App,0.03,6.82
909,8,BHIM,22.84,7319.77
910,9,Canara Bank App,0.1,52.64
911,10,Central Bank of India App,0.11,45.3
912,11,Citi Bank App,0.08,75.09
913,12,Cointab,0.12,40.95
914,13,Cred,5.77,6151.57
915,14,DBS Digibank App,0.51,170.57
916,15,Dena Bank App,0.02,21.57
917,16,Deutsche Bank App,0.32,27.44
918,17,Federal Bank App,0.21,49.99
919,18,Fino Payments bank App,0.01,1.09
920,19,Google Pay,972.26,207287.73
921,20,HDFC Bank Apps,2.07,408.61
922,21,HSBC Bank App,0.07,35.57
923,22,ICICI Bank Apps,15.29,5076.12
924,23,IDBI Bank App,0.02,10.86
925,24,IDFC Bank App,0.21,101.74
926,25,India Post Payments Bank App,1.47,203.73
927,26,Indian Bank App,0.05,25.18
928,27,IndusInd Bank App,2.18,421.41
929,28,Jio Payments Bank App,0.8,52.08
930,29,Karnataka Bank App,0.12,22.51
931,30,Karur Vysya Bank App,0.03,12.59
932,31,Kotak Mahindra Bank Apps,2.8,535.98
933,32,MakeMy Trip,0.06,22.16
934,33,MI Pay,0.36,56.69
935,34,Mobikwik,3.21,535.12
936,35,Paytm Payments Bank App,383.05,44981.11
937,36,PhonePe,1292.71,262565.88
938,37,Punjab National Bank App,0.08,41.1
939,38,RBL Bank App,0.13,61.95
940,39,Samsung Pay,1.64,331.04
941,40,South Indian Bank App,0.06,24.3
942,41,Standard Chartered Bank App,0.06,39.42
943,42,State Bank of India Apps,3.43,1978.61
944,43,UCO Bank App,0.09,20.8
945,44,Ultracash,1.19,148.09
946,45,Union Bank Apps,0.29,128.37
947,46,WhatsApp,0.46,42.44
948,47,Yes Bank Apps,24.72,5227.04
949,48,YuvaPay,1.33,60.44
950,49,Others,0.05,19.27
951,0,Airtel Payments Bank Apps,6.38,506.2
952,1,Allahabad Bank Apps,0.02,6.79
953,2,Amazon Pay,68.4,6541.84
954,3,AU Small Finance Bank Apps,0.38,120.24
955,4,Axis Bank Apps,52.6,1268.38
956,5,Bajaj Finserv,1.16,85.49
957,6,Bajaj Markets,0.01,1.2
958,7,Bank of Baroda Apps,0.83,347.72
959,8,Bank of India Apps,0.13,41.82
960,9,Bank of Maharashtra Apps,0.06,15.77
961,10,BHIM,22.6,7527.98
962,11,Canara Bank Apps,0.34,109.78
963,12,Central Bank of India Apps,0.15,54.06
964,13,Citi Bank Apps,0.13,63.54
965,14,City Union Bank Apps,0.03,8.72
966,15,Cointab,0.06,23.99
967,16,Cred,13.4,17583.25
968,17,DBS Digibank Apps,0.46,171.69
969,18,Deutsche Bank Apps,1.51,99.12
970,19,Dhanlaxmi Bank Apps,0.01,2.7
971,20,Equitas Small Finance Bank Apps,0.01,3.87
972,21,Fave,0.12,6.94
973,22,Federal Bank Apps,3.55,494.21
974,23,Fino Payments bank Apps,0.05,3.17
975,24,Finshell Pay,0.1,5.3
976,25,GoIbibo,0.01,3.87
977,26,Google Pay,2025.89,355137.2
978,27,Groww,0.72,416.73
979,28,HDFC Bank Apps,8.24,2066.22
980,29,HSBC Bank Apps,0.11,61.39
981,30,ICICI Bank Apps,39.37,10202.14
982,31,IDBI Bank Apps,0.03,15.71
983,32,IDFC Bank Apps,7.03,663.65
984,33,India Post Payments Bank Apps,3.98,467.34
985,34,Indian Bank Apps,0.17,53.68
986,35,Indian Overseas Bank Apps,0.01,2.98
987,36,IndusInd Bank Apps,1.0,1645.13
988,37,Janata Sahakari Bank Apps,0.01,4.47
989,38,Jio Payments Bank Apps,1.87,116.34
990,39,Jupiter,1.89,223.22
991,40,Jupiter Edge (LivQuick PPI),0.13,8.72
992,41,Karnataka Bank Apps,0.32,43.13
993,42,Karur Vysya Bank Apps,0.04,15.91
994,43,Kotak Mahindra Bank Apps,8.33,1762.28
995,44,MakeMyTrip,0.11,51.45
996,45,MI Pay,0.17,29.61
997,46,Mobikwik,2.31,404.63
998,47,NSDL Payments Bank Apps,0.02,2.44
999,48,Paytm Payments Bank App,877.5,102119.9
1000,49,PhonePe,2732.59,501474.48
1001,50,Punjab National Bank Apps,0.08,40.68
1002,51,Punjab Sind Bank Apps,0.01,5.93
1003,52,RBL Bank Apps,0.42,123.89
1004,53,Samsung Pay,4.07,468.23
1005,54,South Indian Bank Apps,0.14,46.66
1006,55,Standard Chartered Bank Apps,0.13,69.13
1007,56,State Bank of India Apps,3.83,1947.1
1008,57,Tamilnad Mercantile Bank Apps,0.03,4.02
1009,58,TataNeu,0.12,19.41
1010,59,TJSB Bank Apps,0.01,2.1
1011,60,UCO Bank Apps,0.22,42.3
1012,61,Ultracash,0.03,3.32
1013,62,Union Bank Apps,0.45,199.8
1014,63,Utkarsh Small Finance Bank Apps,0.01,3.47
1015,64,WhatsApp,23.04,429.06
1016,65,Yes Bank Apps,44.03,11147.17
1017,66,YuvaPay,0.03,58.31
1018,67,Others,0.02,6.34
1019,0,PhonePe,4461.36,745552.2
1020,1,Google Pay,3266.83,494088.0
1021,2,Paytm Payments Bank App,1307.48,162494.8
1022,3,Cred,73.93,26431.8
1023,4,Amazon Pay,52.89,5647.9
1024,5,Axis Bank Apps,47.64,2231.7
1025,6,ICICI Bank Apps,37.63,16243.7
1026,7,Yes Bank Apps,36.46,12997.5
1027,8,BHIM,23.11,7289.0
1028,9,HDFC Bank Apps,17.56,4168.6
1029,10,Kotak Mahindra Bank Apps,17.38,3202.5
1030,11,WhatsApp,16.0,1443.3
1031,12,Fampay,14.99,184.7
1032,13,Bajaj Finserv,9.76,1312.6
1033,14,Airtel Payments Bank Apps,8.84,632.2
1034,15,IDFC Bank Apps,6.31,1540.3
1035,16,Samsung Pay,5.61,522.8
1036,17,Federal Bank Apps,4.86,630.0
1037,18,India Post Payments Bank Apps,4.83,742.5
1038,19,State Bank of India Apps,4.64,1959.7
1039,20,Mobikwik,3.58,1060.4
1040,21,Jupiter,2.96,424.8
1041,22,Deutsche Bank Apps,1.81,125.6
1042,23,Canara Bank Apps,1.58,462.7
1043,24,Groww,1.45,1039.6
1044,25,Standard Chartered Bank Apps,1.4,672.6
1045,26,Jio Payments Bank Apps,1.35,113.2
1046,27,RBL Bank Apps,1.29,497.9
1047,28,Bank of Baroda Apps,1.19,427.7
1048,29,slice,0.88,272.8
1049,30,IndusInd Bank Apps,0.79,897.6
1050,31,Union Bank Apps,0.79,318.9
1051,32,Punjab National Bank Apps,0.77,169.7
1052,33,AU Small Finance Bank Apps,0.64,196.1
1053,34,Karnataka Bank Apps,0.61,125.9
1054,35,OmniCard,0.48,13.9
1055,36,Central Bank of India Apps,0.44,97.6
1056,37,DBS Digibank Apps,0.41,166.9
1057,38,UCO Bank Apps,0.33,107.6
1058,39,Indian Bank Apps,0.28,81.2
1059,40,South Indian Bank Apps,0.25,70.5
1060,41,Bank of India Apps,0.23,71.9
1061,42,Jupiter Edge (LivQuick PPI),0.21,11.3
1062,43,HSBC Bank Apps,0.15,89.2
1063,44,Fino Payments bank Apps,0.13,9.2
1064,45,TataNeu,0.12,17.6
1065,46,Tamilnad Mercantile Bank Apps,0.08,18.9
1066,47,IDBI Bank Apps,0.08,34.1
1067,48,Citi Bank Apps,0.07,54.2
1068,49,Fave,0.07,4.6
1069,50,Bajaj Finserv PPI ,0.07,14.3
1070,51,PINELABS,0.07,4.2
1071,52,City Union Bank Apps,0.06,18.3
1072,53,Kiwi,0.05,4.1
1073,54,Indian Overseas Bank Apps,0.05,13.0
1074,55,Ultracash,0.04,3.1
1075,56,Karur Vysya Bank Apps,0.04,14.0
1076,57,MakeMyTrip,0.03,18.2
1077,58,Punjab Sind Bank Apps,0.03,12.6
1078,59,Dhani ,0.03,7.0
1079,60,Equitas Small Finance Bank Apps,0.03,17.3
1080,61,Allahabad Bank Apps,0.03,8.3
1081,62,NSDL Payments Bank Apps,0.02,4.1
1082,63,GoNiyo PPI,0.02,0.5
1083,64,Utkarsh Small Finance Bank Apps,0.02,6.3
1084,65,Jammu and Kashmir Bank Apps,0.01,2.4
1085,66,Bandhan Bank Apps,0.01,3.1
1086,67,Zomato,0.01,1.7
1087,68,Dhanlaxmi Bank Apps,0.01,3.2
1088,69,Bank of Maharashtra Apps,0.01,0.8
1089,70,Others,0.0,11.8
1090,0,Airtel Payments Bank Apps,13.16,4492.25
1091,1,Allahabad Bank Apps,0.02,6.15
1092,2,Amazon Pay,76.34,6894.78
1093,3,AU Small Finance Bank Apps,0.29,104.48
1094,4,Axis Bank Apps,61.29,1084.94
1095,5,Bajaj Finserv,0.35,24.08
1096,6,Bank of Baroda Apps,0.69,328.61
1097,7,Bank of India Apps,0.08,26.22
1098,8,Bank of Maharashtra Apps,0.05,15.0
1099,9,BHIM,24.88,8050.24
1100,10,Canara Bank Apps,0.31,109.68
1101,11,Central Bank of India Apps,0.14,50.67
1102,12,Citi Bank Apps,0.11,68.41
1103,13,City Union Bank Apps,0.03,7.3
1104,14,Cointab,0.08,33.22
1105,15,Cred,12.11,16136.11
1106,16,DBS Digibank Apps,0.49,185.52
1107,17,Dena Bank Apps,0.02,29.32
1108,18,Deutsche Bank Apps,1.02,93.02
1109,19,Dhanlaxmi Bank Apps,0.01,3.29
1110,20,Fave,0.37,13.0
1111,21,Federal Bank Apps,2.45,360.96
1112,22,Fino Payments bank Apps,0.04,3.47
1113,23,Finserv Markets,0.03,1.49
1114,24,Finshell Pay,0.08,4.0
1115,25,GoIbibo,0.02,5.91
1116,26,Google Pay,1838.12,338873.25
1117,27,Groww,0.83,472.71
1118,28,HDFC Bank Apps,5.45,1624.54
1119,29,HSBC Bank Apps,0.1,62.0
1120,30,ICICI Bank Apps,35.13,10538.69
1121,31,IDBI Bank Apps,0.03,16.25
1122,32,IDFC Bank Apps,2.7,534.56
1123,33,India Post Payments Bank Apps,2.95,321.14
1124,34,Indian Bank Apps,0.11,42.26
1125,35,Indian Overseas Bank Apps,0.01,1.62
1126,36,IndusInd Bank Apps,1.03,2252.3
1127,37,Jammu and Kashmir Bank Apps,0.01,2.15
1128,38,Janata Sahakari Bank Apps,0.01,4.51
1129,39,Jio Payments Bank Apps,2.27,129.5
1130,40,Jupiter,1.32,164.8
1131,41,Karnataka Bank Apps,0.3,37.96
1132,42,Karur Vysya Bank Apps,0.04,18.29
1133,43,Kotak Mahindra Bank Apps,7.92,1587.51
1134,44,MakeMyTrip,0.1,47.1
1135,45,MI Pay,0.24,36.02
1136,46,Mobikwik,3.6,739.25
1137,47,NSDL Payments Bank Apps,0.02,2.28
1138,48,Paytm Payments Bank App,837.14,95650.36
1139,49,PhonePe,2527.15,471401.26
1140,50,Punjab National Bank Apps,0.09,46.64
1141,51,Punjab Sind Bank Apps,0.01,3.8
1142,52,RBL Bank Apps,0.46,126.75
1143,53,Samsung Pay,3.73,473.5
1144,54,South Indian Bank Apps,0.13,44.63
1145,55,Standard Chartered Bank Apps,0.13,69.84
1146,56,State Bank of India Apps,4.01,2130.56
1147,57,SuperPay,0.1,0.64
1148,58,UCO Bank Apps,0.19,40.88
1149,59,Ultracash,0.03,1.12
1150,60,Union Bank Apps,0.41,197.01
1151,61,Utkarsh Small Finance Bank Apps,0.01,3.9
1152,62,WhatsApp,2.54,239.78
1153,63,Yes Bank Apps,35.25,8746.74
1154,64,YuvaPay,0.06,105.39
1155,65,Others,0.02,8.11
1156,0,Airtel Payments Bank Apps,10.66,761.51
1157,1,Allahabad Bank Apps,0.03,8.33
1158,2,Amazon Pay,50.56,5360.9
1159,3,AU Small Finance Bank Apps,0.62,186.48
1160,4,Axis Bank Apps,58.24,1976.67
1161,5,Bajaj Finserv,6.7,965.35
1162,6,Bajaj Finserv PPI,0.05,12.22
1163,7,Bajaj Markets,0.01,0.35
1164,8,Bandhan Bank Apps,0.01,1.5
1165,9,Bank of America Apps,0.01,2.07
1166,10,Bank of Baroda Apps,1.16,447.25
1167,11,Bank of India Apps,0.23,71.14
1168,12,Bank of Maharashtra Apps,0.06,21.29
1169,13,BHIM,23.68,7498.24
1170,14,Canara Bank Apps,1.39,374.43
1171,15,Central Bank of India Apps,0.36,83.56
1172,16,Citi Bank Apps,0.12,67.55
1173,17,City Union Bank Apps,0.06,18.93
1174,18,Cointab,0.04,19.07
1175,19,Cred,42.84,21056.31
1176,20,DBS Digibank Apps,0.41,177.88
1177,21,Deutsche Bank Apps,1.73,187.11
1178,22,Dhanlaxmi Bank Apps,0.01,3.21
1179,23,Equitas Small Finance Bank Apps,0.02,13.57
1180,24,Eroute,0.27,19.25
1181,25,Fampay PPI,9.49,124.59
1182,26,Fave,0.08,6.4
1183,27,Federal Bank Apps,5.25,648.51
1184,28,Fino Payments bank Apps,0.13,8.18
1185,29,Google Pay,3054.44,482896.69
1186,30,Groww,0.18,137.64
1187,31,HDFC Bank Apps,14.22,3644.88
1188,32,HSBC Bank Apps,0.14,89.71
1189,33,ICICI Bank Apps,41.59,17624.14
1190,34,IDBI Bank Apps,0.07,32.38
1191,35,IDFC Bank Apps,14.02,3306.18
1192,36,India Post Payments Bank Apps,4.44,667.69
1193,37,Indian Bank Apps,0.26,92.41
1194,38,Indian Overseas Bank Apps,0.02,4.47
1195,39,IndusInd Bank Apps,0.93,950.35
1196,40,Janata Sahakari Bank Apps,0.01,3.74
1197,41,Jio Payments Bank Apps,1.68,118.72
1198,42,Jupiter,2.66,358.12
1199,43,Karnataka Bank Apps,0.42,91.53
1200,44,Karur Vysya Bank Apps,0.04,15.84
1201,45,Kotak Mahindra Bank Apps,13.77,2854.65
1202,46,LivQuick PPI,0.01,0.64
1203,47,MakeMyTrip,0.05,23.5
1204,48,Mobikwik,3.64,937.98
1205,49,NSDL Payments Bank Apps,0.03,3.47
1206,50,Paytm Payments Bank App,1288.38,154430.4
1207,51,PhonePe,4076.32,707410.47
1208,52,Punjab National Bank Apps,0.43,110.59
1209,53,Punjab Sind Bank Apps,0.04,13.74
1210,54,RBL Bank Apps,1.88,545.98
1211,55,Samsung Pay,5.68,528.09
1212,56,South Indian Bank Apps,0.22,66.08
1213,57,Standard Chartered Bank Apps,0.15,94.14
1214,58,State Bank of India Apps,4.36,2011.65
1215,59,Tamilnad Mercantile Bank Apps,0.07,12.42
1216,60,TataNeu,0.12,15.0
1217,61,Transerv PPI,0.06,8.11
1218,62,UCO Bank Apps,0.36,116.66
1219,63,Ultracash,0.04,2.61
1220,64,Union Bank Apps,0.75,310.24
1221,65,Utkarsh Small Finance Bank Apps,0.02,6.35
1222,66,WhatsApp,13.35,1144.76
1223,67,Yes Bank Apps,31.47,10093.9
1224,68,Others,0.02,5.18
1225,0,Airtel Payments Bank Apps,4.06,429.12
1226,1,Allahabad Bank App,0.01,4.43
1227,2,Amazon Pay,58.35,4782.59
1228,3,AU Small Finance Bank App,0.04,20.29
1229,4,Axis Bank Apps,68.9,806.31
1230,5,Bajaj Finserv,0.01,0.77
1231,6,Bank of Baroda Apps,0.54,230.89
1232,7,Bank of India App,0.01,5.23
1233,8,Bank of Maharashtra App,0.02,6.18
1234,9,BHIM,21.02,6776.2
1235,10,Canara Bank App,0.09,45.92
1236,11,Central Bank of India App,0.1,42.18
1237,12,Citi Bank App,0.08,70.14
1238,13,Cointab,0.1,35.72
1239,14,Cred,5.65,6142.78
1240,15,DBS Digibank App,0.47,160.73
1241,16,Dena Bank App,0.02,20.9
1242,17,Deutsche Bank App,0.21,14.73
1243,18,Federal Bank App,0.17,38.99
1244,19,Fino Payments bank App,0.01,1.23
1245,20,Google Pay,880.59,187136.95
1246,21,HDFC Bank Apps,1.56,274.77
1247,22,HSBC Bank App,0.06,35.68
1248,23,ICICI Bank Apps,13.16,4514.11
1249,24,IDBI Bank App,0.02,10.36
1250,25,IDFC Bank App,0.15,72.34
1251,26,India Post Payments Bank App,1.29,178.52
1252,27,Indian Bank App,0.06,26.84
1253,28,IndusInd Bank App,3.12,433.37
1254,29,Jio Payments Bank App,0.68,40.92
1255,30,Karnataka Bank App,0.1,20.74
1256,31,Karur Vysya Bank App,0.02,11.59
1257,32,Kotak Mahindra Bank Apps,2.37,427.4
1258,33,MakeMy Trip,0.03,11.47
1259,34,MI Pay,0.37,55.17
1260,35,Mobikwik,3.18,467.11
1261,36,NSDL Payments Bank App,0.01,0.58
1262,37,Paytm Payments Bank App,343.81,43741.16
1263,38,PhonePe,1149.84,234123.57
1264,39,Punjab National Bank App,0.11,55.51
1265,40,RBL Bank App,0.12,56.21
1266,41,Samsung Pay,1.36,302.68
1267,42,South Indian Bank App,0.05,19.67
1268,43,Standard Chartered Bank App,0.06,36.73
1269,44,State Bank of India Apps,3.69,2079.32
1270,45,UCO Bank App,0.08,19.5
1271,46,Ultracash,1.15,142.92
1272,47,Union Bank Apps,0.28,110.65
1273,48,WhatsApp,0.51,48.15
1274,49,Yes Bank Apps,21.08,4486.54
1275,50,YuvaPay,2.32,73.16
1276,51,Others,0.03,12.47
1277,0,Airtel Payments Bank Apps,6.11,486.62
1278,1,Allahabad Bank Apps,0.02,6.25
1279,2,Amazon Pay,74.83,6954.18
1280,3,AU Small Finance Bank Apps,0.35,107.22
1281,4,Axis Bank Apps,58.66,1425.16
1282,5,Bajaj Finserv,0.79,58.53
1283,6,Bank of Baroda Apps,0.88,406.79
1284,7,Bank of India Apps,0.12,40.04
1285,8,Bank of Maharashtra Apps,0.06,16.47
1286,9,BHIM,26.57,9559.66
1287,10,Canara Bank Apps,0.33,114.09
1288,11,Central Bank of India Apps,0.15,55.4
1289,12,Citi Bank Apps,0.13,78.71
1290,13,City Union Bank Apps,0.03,10.06
1291,14,Cointab,0.06,23.77
1292,15,Cred,13.89,18174.61
1293,16,DBS Digibank Apps,0.47,186.33
1294,17,Deutsche Bank Apps,1.64,116.55
1295,18,Dhanlaxmi Bank Apps,0.01,3.35
1296,19,Fave,0.1,6.12
1297,20,Federal Bank Apps,3.42,474.12
1298,21,Fino Payments bank Apps,0.04,3.83
1299,22,Finserv Markets,0.01,1.01
1300,23,Finshell Pay,0.09,4.68
1301,24,GoIbibo,0.01,2.41
1302,25,Google Pay,2079.92,365989.27
1303,26,Groww,0.51,335.28
1304,27,HDFC Bank Apps,6.95,1981.11
1305,28,HSBC Bank Apps,0.1,63.17
1306,29,ICICI Bank Apps,37.59,11056.9
1307,30,IDBI Bank Apps,0.03,18.48
1308,31,IDFC Bank Apps,4.75,626.34
1309,32,India Post Payments Bank Apps,3.1,351.88
1310,33,Indian Bank Apps,0.16,53.13
1311,34,Indian Overseas Bank Apps,0.01,2.35
1312,35,IndusInd Bank Apps,1.01,1711.21
1313,36,Janata Sahakari Bank Apps,0.01,4.79
1314,37,Jio Payments Bank Apps,2.08,127.88
1315,38,Jupiter,1.79,215.44
1316,39,Jupiter Edge (LivQuick PPI),0.1,5.74
1317,40,Karnataka Bank Apps,0.33,40.34
1318,41,Karur Vysya Bank Apps,0.04,17.69
1319,42,Kotak Mahindra Bank Apps,8.5,1885.0
1320,43,MakeMyTrip,0.09,43.26
1321,44,MI Pay,0.2,33.9
1322,45,Mobikwik,2.46,397.7
1323,46,NSDL Payments Bank Apps,0.02,2.39
1324,47,Paytm Payments Bank App,887.45,108276.78
1325,48,PhonePe,2778.75,511028.81
1326,49,Punjab National Bank Apps,0.09,43.77
1327,50,Punjab Sind Bank Apps,0.01,6.39
1328,51,RBL Bank Apps,0.38,125.39
1329,52,Samsung Pay,4.11,490.3
1330,53,South Indian Bank Apps,0.14,49.73
1331,54,Standard Chartered Bank Apps,0.13,70.48
1332,55,State Bank of India Apps,4.18,2195.66
1333,56,Tamilnad Mercantile Bank Apps,0.01,1.13
1334,57,TataNeu,0.22,30.33
1335,58,UCO Bank Apps,0.22,46.39
1336,59,Ultracash,0.05,4.4
1337,60,Union Bank Apps,0.45,211.85
1338,61,Utkarsh Small Finance Bank Apps,0.01,4.43
1339,62,WhatsApp,3.48,294.98
1340,63,Yes Bank Apps,39.69,11760.16
1341,64,YuvaPay,0.04,88.95
1342,65,Others,0.03,10.7
1343,0,Airtel Payments Bank Apps,9.17,627.17
1344,1,Allahabad Bank Apps,0.03,8.87
1345,2,Amazon Pay,57.08,5772.68
1346,3,AU Small Finance Bank Apps,0.65,193.87
1347,4,Axis Bank Apps,47.38,1916.44
1348,5,Bajaj Finserv,9.12,1189.82
1349,6,Bank of Baroda Apps,1.11,412.03
1350,7,Bank of India Apps,0.22,69.87
1351,8,BHIM,22.96,7209.87
1352,9,BPAYWALLET,0.06,9.65
1353,10,Canara Bank Apps,1.48,431.27
1354,11,Central Bank of India Apps,0.43,95.58
1355,12,Citi Bank Apps,0.09,55.38
1356,13,City Union Bank Apps,0.06,20.02
1357,14,Cointab,0.01,4.24
1358,15,Cred,61.04,23426.74
1359,16,DBS Digibank Apps,0.42,174.75
1360,17,Deutsche Bank Apps,1.89,174.27
1361,18,DHANI,0.04,7.55
1362,19,Dhanlaxmi Bank Apps,0.01,2.93
1363,20,Equitas Small Finance Bank Apps,0.03,16.31
1364,21,FAM,13.78,166.5
1365,22,Fave,0.02,1.68
1366,23,Federal Bank Apps,5.12,643.62
1367,24,Fino Payments bank Apps,0.09,6.6
1368,25,Google Pay,3274.69,497748.17
1369,26,Groww,0.47,287.97
1370,27,HDFC Bank Apps,16.07,3982.69
1371,28,HSBC Bank Apps,0.14,87.5
1372,29,ICICI Bank Apps,43.92,17101.09
1373,30,IDBI Bank Apps,0.08,34.64
1374,31,IDFC Bank Apps,8.56,1696.01
1375,32,India Post Payments Bank Apps,5.04,775.77
1376,33,Indian Bank Apps,0.28,84.07
1377,34,Indian Overseas Bank Apps,0.04,10.5
1378,35,IndusInd Bank Apps,0.81,886.1
1379,36,Jammu and Kashmir Bank Apps,0.01,2.0
1380,37,Jio Payments Bank Apps,1.56,119.8
1381,38,Jupiter,2.94,415.04
1382,39,Akudo & Muvin (Livquik),0.18,6.62
1383,40,Karnataka Bank Apps,0.63,127.13
1384,41,Karur Vysya Bank Apps,0.04,13.65
1385,42,Kotak Mahindra Bank Apps,16.31,3139.05
1386,43,MakeMyTrip,0.02,8.01
1387,44,Mobikwik,3.59,997.92
1388,45,NSDL Payments Bank Apps,0.02,3.28
1389,46,OMNI,0.39,10.1
1390,47,Paytm Payments Bank App,1342.28,164843.79
1391,48,PhonePe,4499.2,757276.68
1392,49,PINELABS,0.06,3.25
1393,50,Punjab National Bank Apps,1.1,177.69
1394,51,Punjab Sind Bank Apps,0.04,13.71
1395,52,RBL Bank Apps,1.24,489.36
1396,53,RBLBANK,0.01,0.06
1397,54,Samsung Pay,5.83,535.16
1398,55,slice,0.83,194.68
1399,56,South Indian Bank Apps,0.25,71.46
1400,57,Standard Chartered Bank Apps,0.15,91.48
1401,58,State Bank of India Apps,4.48,1969.95
1402,59,Tamilnad Mercantile Bank Apps,0.07,14.83
1403,60,TataNeu,0.15,19.28
1404,61,UCO Bank Apps,0.36,118.26
1405,62,Ultracash,0.01,1.13
1406,63,Union Bank Apps,0.76,306.93
1407,64,Utkarsh Small Finance Bank Apps,0.02,6.81
1408,65,WhatsApp,15.98,1477.06
1409,66,Yes Bank Apps,42.65,13006.24
1410,67,Zomato,0.01,0.43
1411,68,Others,0.03,10.98
1412,0,Airtel Payments Bank Apps,15.9,5554.63
1413,1,Allahabad Bank App,0.02,6.28
1414,2,Amazon Pay,71.04,6041.96
1415,3,AU Small Finance Bank App,0.17,67.04
1416,4,Axis Bank Apps,70.83,920.76
1417,5,Bajaj Finserv,0.06,4.1
1418,6,Bank of Baroda Apps,0.75,329.77
1419,7,Bank of India App,0.03,13.54
1420,8,Bank of Maharashtra App,0.04,10.84
1421,9,BHIM,25.23,8237.22
1422,10,Canara Bank App,0.21,78.32
1423,11,Central Bank of India App,0.11,43.57
1424,12,Citi Bank App,0.09,77.41
1425,13,City Union Bank App,0.01,3.85
1426,14,Cointab,0.64,112.28
1427,15,Cred,9.03,12277.85
1428,16,DBS Digibank App,0.52,185.2
1429,17,Dena Bank App,0.02,24.11
1430,18,Deutsche Bank App,0.98,115.42
1431,19,Dhanlaxmi Bank App,0.01,2.37
1432,20,Federal Bank App,0.47,91.94
1433,21,Fino Payments bank App,0.02,1.81
1434,22,Finshell Pay,0.05,2.19
1435,23,Google Pay,1447.84,283357.99
1436,24,HDFC Bank Apps,3.87,1030.59
1437,25,HSBC Bank App,0.08,46.98
1438,26,ICICI Bank Apps,29.14,7246.75
1439,27,IDBI Bank App,0.03,13.31
1440,28,IDFC Bank App,0.64,237.83
1441,29,India Post Payments Bank App,2.3,286.07
1442,30,Indian Bank App,0.09,37.77
1443,31,IndusInd Bank App,1.1,1407.31
1444,32,Jio Payments Bank App,1.38,89.68
1445,33,Jupiter Money,0.55,102.84
1446,34,Karnataka Bank App,0.22,27.68
1447,35,Karur Vysya Bank App,0.03,15.46
1448,36,Kotak Mahindra Bank Apps,5.78,1035.67
1449,37,MakeMy Trip,0.12,45.04
1450,38,MI Pay,0.33,47.27
1451,39,Mobikwik,5.18,1478.95
1452,40,NSDL Payments Bank App,0.01,1.11
1453,41,Paytm Payments Bank App,631.3,81403.37
1454,42,PhonePe,1911.21,365044.32
1455,43,Punjab National Bank App,0.07,31.14
1456,44,RBL Bank App,0.25,81.95
1457,45,Samsung Pay,2.8,412.13
1458,46,South Indian Bank App,0.11,36.91
1459,47,Standard Chartered Bank App,0.09,53.87
1460,48,State Bank of India Apps,3.72,1990.21
1461,49,UCO Bank App,0.12,30.41
1462,50,Ultracash,2.13,162.44
1463,51,Union Bank Apps,0.43,178.53
1464,52,WhatsApp,2.11,149.38
1465,53,Yes Bank Apps,24.34,6171.08
1466,54,YuvaPay,0.04,66.62
1467,55,Other Apps,0.03,14.98
1468,0,Airtel Payments Bank Apps,8.73,671.09
1469,1,Allahabad Bank Apps,0.03,8.98
1470,2,Amazon Pay,59.76,5873.36
1471,3,Andhra Bank Apps,0.01,1.53
1472,4,AU Small Finance Bank Apps,0.53,160.3
1473,5,Axis Bank Apps,77.77,1121.24
1474,6,Bajaj Finserv,3.9,464.41
1475,7,Bandhan Bank Apps,0.01,1.21
1476,8,Bank of Baroda Apps,1.26,455.8
1477,9,Bank of India Apps,0.2,57.87
1478,10,Bank of Maharashtra Apps,0.07,18.29
1479,11,BHIM,25.01,8144.83
1480,12,Canara Bank Apps,0.86,232.51
1481,13,Central Bank of India Apps,0.27,63.31
1482,14,Citi Bank Apps,0.13,60.76
1483,15,City Union Bank Apps,0.04,12.58
1484,16,Cointab,0.03,13.87
1485,17,Cred,25.63,18599.72
1486,18,DBS Digibank Apps,0.41,169.55
1487,19,Deutsche Bank Apps,1.3,104.21
1488,20,Dhanlaxmi Bank Apps,0.01,2.75
1489,21,Equitas Small Finance Bank Apps,0.02,9.82
1490,22,Fampay PPI,4.88,64.75
1491,23,Fave,0.05,2.83
1492,24,Federal Bank Apps,4.11,553.97
1493,25,Fino Payments bank Apps,0.1,6.61
1494,26,Google Pay,2541.14,409714.75
1495,27,Groww,0.05,36.46
1496,28,HDFC Bank Apps,10.66,2758.45
1497,29,HSBC Bank Apps,0.12,72.58
1498,30,ICICI Bank Apps,44.07,14750.8
1499,31,IDBI Bank Apps,0.06,24.78
1500,32,IDFC Bank Apps,10.47,903.37
1501,33,India Post Payments Bank Apps,4.66,589.14
1502,34,Indian Bank Apps,0.23,67.2
1503,35,Indian Overseas Bank Apps,0.01,2.48
1504,36,IndusInd Bank Apps,1.2,1224.13
1505,37,Janata Sahakari Bank Apps,0.01,3.99
1506,38,Jio Payments Bank Apps,1.31,96.23
1507,39,Jupiter,2.16,275.52
1508,40,Karnataka Bank Apps,0.4,74.82
1509,41,Karur Vysya Bank Apps,0.04,16.23
1510,42,Kotak Mahindra Bank Apps,10.93,2304.9
1511,43,MakeMyTrip,0.02,7.69
1512,44,Mobikwik,3.46,762.67
1513,45,NSDL Payments Bank Apps,0.02,2.7
1514,46,Paytm Payments Bank App,1081.47,128805.91
1515,47,PhonePe,3418.75,591327.61
1516,48,Punjab National Bank Apps,0.16,60.47
1517,49,Punjab Sind Bank Apps,0.03,8.97
1518,50,RBL Bank Apps,1.18,270.81
1519,51,Samsung Pay,5.07,506.82
1520,52,Slash,0.01,0.28
1521,53,slice,0.51,206.66
1522,54,South Indian Bank Apps,0.2,58.1
1523,55,Standard Chartered Bank Apps,0.55,92.57
1524,56,State Bank of India Apps,4.07,1876.46
1525,57,Tamilnad Mercantile Bank Apps,0.07,10.48
1526,58,TataNeu,0.14,17.17
1527,59,TJSB Bank Apps,0.01,2.25
1528,60,UCO Bank Apps,0.26,78.38
1529,61,Ultracash,0.02,0.27
1530,62,Union Bank Apps,1.11,313.3
1531,63,Utkarsh Small Finance Bank Apps,0.02,7.1
1532,64,WhatsApp,9.25,769.29
1533,65,Yes Bank Apps,43.58,14902.42
1534,66,Others,0.02,4.07
1535,0,Airtel Payments Bank Apps,14.31,4746.79
1536,1,Allahabad Bank App,0.02,6.35
1537,2,Amazon Pay,68.82,6286.6
1538,3,AU Small Finance Bank App,0.16,62.15
1539,4,Axis Bank Apps,69.28,1005.7
1540,5,Bajaj Finserv,0.06,4.3
1541,6,Bank of Baroda Apps,0.8,344.85
1542,7,Bank of India App,0.03,12.88
1543,8,Bank of Maharashtra App,0.04,10.5
1544,9,BHIM,27.27,8513.82
1545,10,Canara Bank App,0.21,77.06
1546,11,Central Bank of India App,0.12,45.48
1547,12,Citi Bank App,0.11,81.21
1548,13,City Union Bank App,0.01,3.95
1549,14,Cointab,0.45,84.71
1550,15,Cred,9.73,12561.25
1551,16,DBS Digibank App,0.58,198.18
1552,17,Dena Bank App,0.02,27.43
1553,18,Deutsche Bank App,0.85,99.23
1554,19,Federal Bank App,0.44,90.5
1555,20,Fino Payments bank App,0.02,1.75
1556,21,Finshell Pay,0.03,1.26
1557,22,Google Pay,1451.93,287491.46
1558,23,HDFC Bank Apps,5.02,1082.99
1559,24,HSBC Bank App,0.08,53.39
1560,25,ICICI Bank Apps,29.27,6329.63
1561,26,IDBI Bank App,0.03,14.22
1562,27,IDFC Bank App,0.62,231.02
1563,28,India Post Payments Bank App,2.39,291.7
1564,29,Indian Bank App,0.09,38.84
1565,30,IndusInd Bank App,1.05,1014.56
1566,31,Jio Payments Bank App,1.33,85.75
1567,32,Jupiter Money,0.29,60.0
1568,33,Karnataka Bank App,0.2,25.71
1569,34,Karur Vysya Bank App,0.03,15.4
1570,35,Kotak Mahindra Bank Apps,5.38,944.5
1571,36,MakeMy Trip,0.13,48.4
1572,37,MI Pay,0.37,54.77
1573,38,Mobikwik,4.08,1070.32
1574,39,Paytm Payments Bank App,632.18,80508.04
1575,40,PhonePe,1937.57,365845.39
1576,41,Punjab National Bank App,0.08,32.06
1577,42,RBL Bank App,0.22,84.08
1578,43,Samsung Pay,2.81,428.41
1579,44,South Indian Bank App,0.11,37.4
1580,45,Standard Chartered Bank App,0.1,56.38
1581,46,State Bank of India Apps,3.98,2089.18
1582,47,UCO Bank App,0.11,27.95
1583,48,Ultracash,2.32,170.32
1584,49,Union Bank Apps,0.66,223.98
1585,50,WhatsApp*,2.6,104.19
1586,51,Yes Bank Apps,28.41,7660.27
1587,52,YuvaPay,0.04,61.62
1588,53,Other Apps,0.05,21.51
1589,0,Airtel Payments Bank Apps,9.44,775.19
1590,1,Allahabad Bank Apps,0.03,9.33
1591,2,Amazon Pay,56.42,6060.5
1592,3,AU Small Finance Bank Apps,0.54,161.99
1593,4,Axis Bank Apps,59.99,1555.84
1594,5,Bajaj Finserv,4.12,472.71
1595,6,Bank of Baroda Apps,1.23,466.23
1596,7,Bank of India Apps,0.2,59.97
1597,8,Bank of Maharashtra Apps,0.07,20.1
1598,9,BHIM,25.49,8523.17
1599,10,Canara Bank Apps,0.81,219.07
1600,11,Central Bank of India Apps,0.3,71.66
1601,12,Citi Bank Apps,0.09,66.83
1602,13,City Union Bank Apps,0.04,12.85
1603,14,Cointab,0.03,11.67
1604,15,Cred,21.28,20259.7
1605,16,DBS Digibank Apps,0.43,179.26
1606,17,Deutsche Bank Apps,1.26,111.93
1607,18,Dhanlaxmi Bank Apps,0.01,3.21
1608,19,Equitas Small Finance Bank Apps,0.02,8.28
1609,20,Fampay PPI,4.06,56.79
1610,21,Fave,0.04,2.53
1611,22,Federal Bank Apps,4.19,574.92
1612,23,Fino Payments bank Apps,0.09,6.46
1613,24,GoIbibo,0.01,1.84
1614,25,Google Pay,2496.42,420978.38
1615,26,HDFC Bank Apps,11.96,2997.29
1616,27,HSBC Bank Apps,0.14,77.8
1617,28,ICICI Bank Apps,41.61,14529.52
1618,29,IDBI Bank Apps,0.06,25.92
1619,30,IDFC Bank Apps,9.98,888.45
1620,31,India Post Payments Bank Apps,4.7,630.43
1621,32,Indian Bank Apps,0.23,68.97
1622,33,Indian Overseas Bank Apps,0.01,4.72
1623,34,IndusInd Bank Apps,1.15,1516.68
1624,35,Janata Sahakari Bank Apps,0.01,4.8
1625,36,Jio Payments Bank Apps,1.38,98.87
1626,37,Jupiter,2.18,280.43
1627,38,Karnataka Bank Apps,0.43,76.62
1628,39,Karur Vysya Bank Apps,0.04,17.62
1629,40,Kotak Mahindra Bank Apps,11.46,2426.65
1630,41,MakeMyTrip,0.07,31.85
1631,42,Mobikwik,3.28,708.12
1632,43,NSDL Payments Bank Apps,0.02,3.13
1633,44,Paytm Payments Bank App,1109.6,133620.54
1634,45,PhonePe,3452.87,593759.02
1635,46,Punjab National Bank Apps,0.15,62.77
1636,47,Punjab Sind Bank Apps,0.02,8.05
1637,48,RBL Bank Apps,1.08,245.16
1638,49,Samsung Pay,5.09,554.33
1639,50,South Indian Bank Apps,0.19,58.2
1640,51,Standard Chartered Bank Apps,0.22,88.92
1641,52,State Bank of India Apps,4.1,1936.72
1642,53,Tamilnad Mercantile Bank Apps,0.06,9.81
1643,54,TataNeu,0.14,18.3
1644,55,TJSB Bank Apps,0.01,1.86
1645,56,UCO Bank Apps,0.28,80.38
1646,57,Ultracash,0.02,0.24
1647,58,Union Bank Apps,0.82,290.75
1648,59,Utkarsh Small Finance Bank Apps,0.02,6.31
1649,60,WhatsApp,8.38,708.56
1650,61,Yes Bank Apps,55.94,16070.88
1651,62,Others,0.02,5.87
1652,0,Airtel Payments Bank Apps,11.52,3759.12
1653,1,Allahabad Bank App,0.02,5.34
1654,2,Amazon Pay,62.9,5267.79
1655,3,AU Small Finance Bank App,0.13,46.49
1656,4,Axis Bank Apps,59.13,832.73
1657,5,Bajaj Finserv,0.04,3.03
1658,6,Bank of Baroda Apps,0.73,293.05
1659,7,Bank of India App,0.03,12.45
1660,8,Bank of Maharashtra App,0.04,7.8
1661,9,BHIM,25.36,7538.58
1662,10,Canara Bank App,0.16,51.88
1663,11,Central Bank of India App,0.13,47.35
1664,12,Citi Bank App,0.12,68.42
1665,13,City Union Bank App,0.01,3.32
1666,14,Cointab,0.34,69.81
1667,15,Cred,7.74,9614.36
1668,16,DBS Digibank App,0.55,180.79
1669,17,Dena Bank App,0.02,24.37
1670,18,Deutsche Bank App,0.76,70.24
1671,19,Dhanlaxmi Bank App,0.01,2.86
1672,20,Federal Bank App,0.39,79.44
1673,21,Fino Payments bank App,0.02,1.63
1674,22,Finshell Pay,0.02,0.72
1675,23,Goibibo,0.01,2.62
1676,24,Google Pay,1294.56,250393.65
1677,25,HDFC Bank Apps,3.14,772.08
1678,26,HSBC Bank App,0.08,43.02
1679,27,ICICI Bank Apps,22.11,6579.65
1680,28,IDBI Bank App,0.02,12.0
1681,29,IDFC Bank App,0.49,181.96
1682,30,India Post Payments Bank App,2.28,267.94
1683,31,Indian Bank App,0.08,35.34
1684,32,IndusInd Bank App,0.33,532.43
1685,33,Jio Payments Bank App,1.24,74.89
1686,34,Jupiter Money,0.13,29.3
1687,35,Karnataka Bank App,0.16,18.64
1688,36,Karur Vysya Bank App,0.03,14.14
1689,37,Kotak Mahindra Bank Apps,4.31,771.05
1690,38,MakeMy Trip,0.08,25.67
1691,39,MI Pay,0.36,51.29
1692,40,Mobikwik,3.2,687.94
1693,41,NSDL Payments Bank App,0.01,0.84
1694,42,Paytm Payments Bank App,543.55,61417.53
1695,43,PhonePe,1653.19,306437.37
1696,44,Punjab National Bank App,0.07,25.07
1697,45,Punjab Sindh Bank App,0.01,2.7
1698,46,RBL Bank App,0.17,65.95
1699,47,Samsung Pay,2.37,371.1
1700,48,South Indian Bank App,0.09,31.18
1701,49,Standard Chartered Bank App,0.08,45.86
1702,50,State Bank of India Apps,3.77,1874.58
1703,51,UCO Bank App,0.1,23.44
1704,52,Ultracash,2.02,163.57
1705,53,Union Bank Apps,0.41,155.2
1706,54,WhatsApp,1.01,62.31
1707,55,Yes Bank Apps,23.03,4994.33
1708,56,YuvaPay,0.04,46.94
1709,57,Other Apps,0.03,11.75
